Schule,Schulnummer,Schulform,Träger,Ortsteil,Bezirk,Adresse,Weitere Standorte,Abschlüsse vor Ort,Eigene Oberstufe,Abitur vor Ort,Ganztag,Profil / Schwerpunkte,Tag der offenen Tür,Plätze 2026/27,Erstwünsche 2026/27,Nachfrage Hinweis,Schülerzahl,Schüler Jg. 7,Schülerzahl Stand,Schülerzahl Quelle,Kosten,Notizen,Quelle
Montessori Campus Berlin Köpenick,09P06,Ersatzschule (Grundschule + Sek I),Montessori Stiftung Berlin (staatlich anerkannt),Köpenick,Treptow-Köpenick,"Köpenzeile 125, 12557 Berlin",,bis MSA,"nein; nach MSA Übergang in die Montessori Oberstufe (Blücherstr. 22, Kreuzberg) „möglich“, nicht garantiert – im Schulverzeichnis ist „Gymnasiale Oberstufe“ angehakt (vermutlich die Kreuzberger Oberstufe); bei der Schule klären",nein,,Montessori-Pädagogik,"Oberschule: angekündigt, Datum offen; Frühlingsfest 11.03.2027",,,,293,,"2025/26 – Gesamtzahl inkl. Grundstufe (JüL 1–3, 4–6); keine Jg. 07 ausgewiesen (Sek I offenbar jahrgangsübergreifend unter Jg. 09 gezählt); Schulverzeichnis › Schülerschaft › Jahrgangsstufen, Daten-Stand 06.10.2025",https://www.bildung.berlin.de/Schulverzeichnis/Schulportrait.aspx?IDSchulzweig=30484,Schulgeld (Schulgeldrechner auf Website),"Klasse 7 für 2026/27 voll; Übergang aus der eigenen Grundstufe nicht garantiert (Auswahlgespräch, keine Warteliste)",https://montessori-cbk.de/anmeldung
Archenhold-Gymnasium,09Y03,Gymnasium,staatlich,,Treptow-Köpenick,"Rudower Straße 7, 12439 Berlin",,Abitur,ja,ja,"ja (AGs, Nachhilfe)",MINT-EC-Schule; Medienklasse; Robotik-AG; Erasmus+,"Schnuppertag 10.12.2026 (Schule: 11:30–14 Uhr, Bezirk: 12–14 Uhr); TdoT 16.01.2027, 9–12 Uhr",128,157,,720,136,"2025/26 – Schulverzeichnis › Schülerschaft › Jahrgangsstufen, Daten-Stand 06.10.2025",https://www.bildung.berlin.de/Schulverzeichnis/Schulportrait.aspx?IDSchulzweig=30122,kostenfrei,"Notensumme ≤ 14 nötig, sonst Probeunterricht",https://archenhold.de/
Anne-Frank-Gymnasium,09Y04,Gymnasium,staatlich,,Treptow-Köpenick,"Uranusstraße 15-17, 12524 Berlin",,Abitur,ja,ja,,,"Info + TdoT künftige 7. Klassen 11.11.2026, 16:30–19 Uhr; Schnuppertag 04.12.2026, 8–14 Uhr; Elterninfo 14.01.2027, 16:30 Uhr",160,112,,888,177,"2025/26 – Schulverzeichnis › Schülerschaft › Jahrgangsstufen, Daten-Stand 06.10.2025",https://www.bildung.berlin.de/Schulverzeichnis/Schulportrait.aspx?IDSchulzweig=30123,kostenfrei,"Notensumme ≤ 14 nötig, sonst Probeunterricht",https://www.berlin.de/ba-treptow-koepenick/politik-und-verwaltung/aemter/schul-und-sportamt/schule/weiterfuehrende-schulen-in-treptow-koepenick-1626581.php
Alexander-von-Humboldt-Gymnasium,09Y05,Gymnasium,staatlich,,Treptow-Köpenick,"Oberspreestraße 173, 12555 Berlin",,Abitur,ja,ja,,,"TdoT 07.11.2026, 10–13 Uhr; Elterninfo 30.11.2026, 19 Uhr; Schnupperunterricht für Mathe-Olympiade-Teilnehmende 11.11.2026",160,147,,804,154,"2025/26 – Schulverzeichnis › Schülerschaft › Jahrgangsstufen, Daten-Stand 06.10.2025",https://www.bildung.berlin.de/Schulverzeichnis/Schulportrait.aspx?IDSchulzweig=30573,kostenfrei,"Notensumme ≤ 14 nötig, sonst Probeunterricht",https://www.berlin.de/ba-treptow-koepenick/politik-und-verwaltung/aemter/schul-und-sportamt/schule/weiterfuehrende-schulen-in-treptow-koepenick-1626581.php
Gerhart-Hauptmann-Gymnasium,09Y06,Gymnasium,staatlich,,Treptow-Köpenick,"Bruno-Wille-Straße 37-39, 12587 Berlin",,Abitur,ja,ja,,,"Info weitere Fremdsprachen 11.11.2026, 18:30 Uhr; Elterninfo 25.11.2026, 19 Uhr; TdoT 23.01.2027, 10–13 Uhr",160,156,Bezirk nennt die Schule im Vorjahr „besonders nachgefragt“ (2025/26: 128 Plätze / 167 EW),810,128,"2025/26 – Schulverzeichnis › Schülerschaft › Jahrgangsstufen, Daten-Stand 06.10.2025",https://www.bildung.berlin.de/Schulverzeichnis/Schulportrait.aspx?IDSchulzweig=30574,kostenfrei,"Notensumme ≤ 14 nötig, sonst Probeunterricht; laut Bezirk im Vorjahr besonders nachgefragt (Erstwünsche oft nicht alle erfüllbar)",https://www.berlin.de/ba-treptow-koepenick/politik-und-verwaltung/aemter/schul-und-sportamt/schule/weiterfuehrende-schulen-in-treptow-koepenick-1626581.php
Gebrüder-Montgolfier-Gymnasium,09Y10,Gymnasium,staatlich,,Treptow-Köpenick,"Ellernweg 20/22, 12487 Berlin",,Abitur,ja,ja,,,"Schnuppertag 17.11.2026, 10 Uhr; Elterninfo 19.11.2026, 18 Uhr (mit Anna-Seghers- und Hans-Grade-Schule); TdoT 23.01.2027, 10–13 Uhr",160,154,,948,157,"2025/26 – Schulverzeichnis › Schülerschaft › Jahrgangsstufen, Daten-Stand 06.10.2025",https://www.bildung.berlin.de/Schulverzeichnis/Schulportrait.aspx?IDSchulzweig=30119,kostenfrei,"Notensumme ≤ 14 nötig, sonst Probeunterricht",https://www.berlin.de/ba-treptow-koepenick/politik-und-verwaltung/aemter/schul-und-sportamt/schule/weiterfuehrende-schulen-in-treptow-koepenick-1626581.php
Emmy-Noether-Gymnasium,09Y11,Gymnasium,staatlich,,Treptow-Köpenick,"Pablo-Neruda-Straße 6-7, 12559 Berlin",,Abitur,ja,ja,,,keine Termine auf Bezirksseite,128,109,,836,150,"2025/26 – Gesamtzahl inkl. Jg. 5, 6; Schulverzeichnis › Schülerschaft › Jahrgangsstufen, Daten-Stand 06.10.2025",https://www.bildung.berlin.de/Schulverzeichnis/Schulportrait.aspx?IDSchulzweig=30784,kostenfrei,"Notensumme ≤ 14 nötig, sonst Probeunterricht; Termine auf Schulwebsite prüfen",https://www.berlin.de/ba-treptow-koepenick/politik-und-verwaltung/aemter/schul-und-sportamt/schule/weiterfuehrende-schulen-in-treptow-koepenick-1626581.php
Rachel-Carson-Gymnasium (12. Gymnasium),09Y12,Gymnasium,staatlich,,Treptow-Köpenick,"Kiefholzstraße 274, 12437 Berlin",,Abitur,"im Aufbau (gegründet 2023, bisher nur Jg. 7–9)",im Aufbau,,,keine Termine auf Bezirksseite,84,105,,210,76,"2025/26 – Schule im Aufbau (nur Jg. 07, 08, 09); Schulverzeichnis › Schülerschaft › Jahrgangsstufen, Daten-Stand 06.10.2025",https://www.bildung.berlin.de/Schulverzeichnis/Schulportrait.aspx?IDSchulzweig=31309,kostenfrei,"Notensumme ≤ 14 nötig, sonst Probeunterricht; Termine auf Schulwebsite prüfen",https://www.berlin.de/ba-treptow-koepenick/politik-und-verwaltung/aemter/schul-und-sportamt/schule/weiterfuehrende-schulen-in-treptow-koepenick-1626581.php
Merian-Schule,09K01,Integrierte Sekundarschule,staatlich,,Treptow-Köpenick,"Hoernlestraße 80, 12555 Berlin","Mittelheide 49, 12555 Berlin (ca. 800 m entfernt; welcher Standort für Kl. 7 gilt: unklar)",,"ja, eigene (Abitur nach Kl. 13, lt. Senatsverzeichnis 2027/28)",ja,,,"Schnuppertag 18.11.2026 (Anmeldung über Homepage); Elterninfo 12.01. und 20.01.2027, 18 Uhr; TdoT 28.01.2027, 17–20 Uhr (Mittelheide)",156,223,,1041,156,"2025/26 – Schulverzeichnis › Schülerschaft › Jahrgangsstufen, Daten-Stand 06.10.2025",https://www.bildung.berlin.de/Schulverzeichnis/Schulportrait.aspx?IDSchulzweig=30577,kostenfrei,laut Bezirk im Vorjahr besonders nachgefragt (Erstwünsche oft nicht alle erfüllbar),https://www.berlin.de/ba-treptow-koepenick/politik-und-verwaltung/aemter/schul-und-sportamt/schule/weiterfuehrende-schulen-in-treptow-koepenick-1626581.php
Anna-Seghers-Schule,09K02,Gemeinschaftsschule,staatlich,,Treptow-Köpenick,"Radickestraße 43, 12489 Berlin",,,"ja, eigene (lt. Senatsverzeichnis 2027/28)",ja,,,"Elterninfo 19.11.2026, 18 Uhr (gemeinsam mit Montgolfier-Gymnasium)",104,14,"Plätze inkl. interner Übergänger aus der eigenen Grundstufe, Erstwünsche nur extern – für Externe knapper als es aussieht",1367,105,"2025/26 – Gesamtzahl inkl. Jg. 1, 2, 3, 4, 5, 6 (Grundstufe); Schulverzeichnis › Schülerschaft › Jahrgangsstufen, Daten-Stand 06.10.2025",https://www.bildung.berlin.de/Schulverzeichnis/Schulportrait.aspx?IDSchulzweig=30124,kostenfrei,eigene Termine auf Schulwebsite prüfen,https://www.berlin.de/ba-treptow-koepenick/politik-und-verwaltung/aemter/schul-und-sportamt/schule/weiterfuehrende-schulen-in-treptow-koepenick-1626581.php
Mediencampus Altglienicke (ehem. Fritz-Kühn-Schule),09K03,Integrierte Sekundarschule,staatlich,,Treptow-Köpenick,"Dahmestraße 45, 12526 Berlin","Kalker Straße, 12524 Berlin (Altglienicke)",,im Aufbau (Jg. 7–13 lt. Senatsverzeichnis 2027/28; weiteres Gebäude geplant),im Aufbau,,,"Schnuppertag 14.01.2027, 8:30–13 Uhr; Elterninfo 15.01.2027, 17 Uhr",208,182,,503,105,"2025/26 – Schulverzeichnis › Schülerschaft › Jahrgangsstufen, Daten-Stand 06.10.2025",https://www.bildung.berlin.de/Schulverzeichnis/Schulportrait.aspx?IDSchulzweig=30118,kostenfrei,Hauptstandort lt. Schulverzeichnis; weiterer Standort Kalker Straße (Altglienicke),https://www.berlin.de/ba-treptow-koepenick/politik-und-verwaltung/aemter/schul-und-sportamt/schule/weiterfuehrende-schulen-in-treptow-koepenick-1626581.php
Isaac-Newton-Schule,09K04,Integrierte Sekundarschule,staatlich,,Treptow-Köpenick,"Zeppelinstraße 80/88, 12459 Berlin",,,nein; Kooperation mit Merian-Schule (09K01) und 09B03,nein,,,keine Termine auf Bezirksseite,104,100,,449,102,"2025/26 – Schulverzeichnis › Schülerschaft › Jahrgangsstufen, Daten-Stand 06.10.2025",https://www.bildung.berlin.de/Schulverzeichnis/Schulportrait.aspx?IDSchulzweig=30621,kostenfrei,Termine auf Schulwebsite prüfen,https://www.berlin.de/ba-treptow-koepenick/politik-und-verwaltung/aemter/schul-und-sportamt/schule/weiterfuehrende-schulen-in-treptow-koepenick-1626581.php
Wilhelm-Bölsche-Schule,09K05,Integrierte Sekundarschule,staatlich,,Treptow-Köpenick,"Aßmannstraße 11, 12587 Berlin",,,nein; Kooperation mit Merian-Schule (09K01) und 09B03,nein,,,"Infoabend 14.10.2026, 18 Uhr; Schnuppertage 02./09./16.11.2026, 9:30–12:30 Uhr; TdoT 28.11.2026, 10–13 Uhr",156,107,,601,153,"2025/26 – Schulverzeichnis › Schülerschaft › Jahrgangsstufen, Daten-Stand 06.10.2025",https://www.bildung.berlin.de/Schulverzeichnis/Schulportrait.aspx?IDSchulzweig=30523,kostenfrei,,https://www.berlin.de/ba-treptow-koepenick/politik-und-verwaltung/aemter/schul-und-sportamt/schule/weiterfuehrende-schulen-in-treptow-koepenick-1626581.php
Hans-Grade-Schule,09K06,Integrierte Sekundarschule,staatlich,,Treptow-Köpenick,"Heubergerweg 37, 12487 Berlin",,,"nein; Kooperation mit 09B03, Merian (09K01), Anna-Seghers (09K02)",nein,,,"Elterninfo 19.11.2026, 18 Uhr (mit Montgolfier-Gymnasium); TdoT 11.02.2027, 16–19 Uhr",104,129,,450,104,"2025/26 – Schulverzeichnis › Schülerschaft › Jahrgangsstufen, Daten-Stand 06.10.2025",https://www.bildung.berlin.de/Schulverzeichnis/Schulportrait.aspx?IDSchulzweig=30117,kostenfrei,laut Bezirk im Vorjahr besonders nachgefragt (Erstwünsche oft nicht alle erfüllbar),https://www.berlin.de/ba-treptow-koepenick/politik-und-verwaltung/aemter/schul-und-sportamt/schule/weiterfuehrende-schulen-in-treptow-koepenick-1626581.php
Sophie-Brahe-Gemeinschaftsschule,09K07,Gemeinschaftsschule,staatlich,,Treptow-Köpenick,"Am Plänterwald 17/23, 12435 Berlin",,,"ja, im Verbund mit der Röntgen-Schule (08K09)",ja,,,"Elterninfo 19.11.2026, 18 Uhr; Schnuppertage 26.11.2026 und 16.02.2027, 10–13 Uhr; TdoT 03.12.2026, 16–19 Uhr",156,125,,1233,201,"2025/26 – Gesamtzahl inkl. Jg. 1, 2, 3, 4, 5, 6 (Grundstufe); Schulverzeichnis › Schülerschaft › Jahrgangsstufen, Daten-Stand 06.10.2025",https://www.bildung.berlin.de/Schulverzeichnis/Schulportrait.aspx?IDSchulzweig=30116,kostenfrei,,https://www.berlin.de/ba-treptow-koepenick/politik-und-verwaltung/aemter/schul-und-sportamt/schule/weiterfuehrende-schulen-in-treptow-koepenick-1626581.php
Schule an der Dahme,09K08,Integrierte Sekundarschule,staatlich,,Treptow-Köpenick,"Glienicker Straße 24-30, 12557 Berlin",,,"ja, im Verbund mit der Grünauer GemS (Kurse meist in Grünau)",ja,,,keine Termine auf Bezirksseite,130,220,,666,130,"2025/26 – Schulverzeichnis › Schülerschaft › Jahrgangsstufen, Daten-Stand 06.10.2025",https://www.bildung.berlin.de/Schulverzeichnis/Schulportrait.aspx?IDSchulzweig=30676,kostenfrei,laut Bezirk im Vorjahr besonders nachgefragt (Erstwünsche oft nicht alle erfüllbar); Termine auf Schulwebsite prüfen,https://www.berlin.de/ba-treptow-koepenick/politik-und-verwaltung/aemter/schul-und-sportamt/schule/weiterfuehrende-schulen-in-treptow-koepenick-1626581.php
Grünauer Gemeinschaftsschule,09K09,Gemeinschaftsschule,staatlich,,Treptow-Köpenick,"Walchenseestraße 40, 12527 Berlin",,,"ja, im Verbund mit der Schule an der Dahme",ja,,,keine Termine auf Bezirksseite,104,36,"Plätze inkl. interner Übergänger aus der eigenen Grundstufe, Erstwünsche nur extern – für Externe knapper als es aussieht",1149,103,"2025/26 – Gesamtzahl inkl. Jg. 1, 2, 3, 4, 5, 6 (Grundstufe); Schulverzeichnis › Schülerschaft › Jahrgangsstufen, Daten-Stand 06.10.2025",https://www.bildung.berlin.de/Schulverzeichnis/Schulportrait.aspx?IDSchulzweig=30643,kostenfrei,laut Bezirk im Vorjahr besonders nachgefragt (Erstwünsche oft nicht alle erfüllbar); Termine auf Schulwebsite prüfen,https://www.berlin.de/ba-treptow-koepenick/politik-und-verwaltung/aemter/schul-und-sportamt/schule/weiterfuehrende-schulen-in-treptow-koepenick-1626581.php
Gemeinschaftsschule Adlershof,09K10,Gemeinschaftsschule,staatlich,,Treptow-Köpenick,"Eisenhutweg 129, 12487 Berlin",,,im Aufbau (Infoabend Oberstufe 21.01.2027),im Aufbau,,,"Schnuppertag für 6. Klässler 26.11.2026; TdoT 23.01.2027, 10–13 Uhr",156,258,,156,156,"2025/26 – Schule im Aufbau (nur Jg. 07); Schulverzeichnis › Schülerschaft › Jahrgangsstufen, Daten-Stand 06.10.2025",https://www.bildung.berlin.de/Schulverzeichnis/Schulportrait.aspx?IDSchulzweig=31333,kostenfrei,amtlich: „10. Schule (Gemeinschaftsschule)“; neu (seit 2026/27); PLZ an anderer Stelle als 12489 angegeben,https://www.berlin.de/ba-treptow-koepenick/politik-und-verwaltung/aemter/schul-und-sportamt/schule/weiterfuehrende-schulen-in-treptow-koepenick-1626581.php
Zukunftscampus Karlshorst,11K17,Integrierte Sekundarschule,staatlich,Karlshorst (Lichtenberg),Lichtenberg,"Römerweg 29, 10318 Berlin",,,geplant (Jg. 7–13 lt. Senatsverzeichnis 2027/28; Schule neu seit 2026/27),im Aufbau,,,Termine-Seite noch nicht geprüft,130,145,,,," – Neugründung (17. ISS, 11K17), Start 2026/27 – im Schulverzeichnis noch keine Schülerdaten",https://www.bildung.berlin.de/Schulverzeichnis/Schulportrait.aspx?IDSchulzweig=31352,kostenfrei,"amtlich: „17. Schule (Integrierte Sekundarschule)“; neu (seit 2026/27), Bezirk Lichtenberg; Website noch sehr dünn",https://zukunftscampus-karlshorst.de/
Paul-und-Charlotte-Kniese-Schule,11K12,Gemeinschaftsschule,staatlich,Friedrichsfelde (Lichtenberg),Lichtenberg,"Dolgenseestraße 60, 10319 Berlin","Erich-Kurz-Straße 6-10, 10319 Berlin (Hauptsitz, Kl. 1–6) – die Karte zeigt den Standort der Kl. 7–13",alle bis Abitur,ja (lt. Website gemeinsam mit Schule am Tierpark),ja,,"inklusive Schwerpunktschule; Lernbüros (KuBa), Logbuch, Bilanzgespräche","19.02.2027, 15–18 Uhr",104,57,Plätze inkl. interner Übergänger,994,106,"2025/26 – Gesamtzahl inkl. Jg. 2, 3, 4, 5, 6 (Grundstufe); Schulverzeichnis › Schülerschaft › Jahrgangsstufen, Daten-Stand 06.10.2025",https://www.bildung.berlin.de/Schulverzeichnis/Schulportrait.aspx?IDSchulzweig=31188,kostenfrei,2026/27: 104 Plätze / 57 Erstwünsche (unternachgefragt); Kl. 1–6 in der Erich-Kurz-Str.,https://www.kniese-schule-berlin.de/sek1.html
ISS Mahlsdorf,10K13,Integrierte Sekundarschule,staatlich,Mahlsdorf (Marzahn-Hellersdorf),Marzahn-Hellersdorf,"An der Schule 47, 12623 Berlin",,alle bis Abitur,ja,ja,,"JÜL-Klassen 7–9, Logbuch, Lerncoaching, Schulfarm",2026/27 unklar,108,182,,661,,"2025/26 – Jg. 07 nur 14 SuS separat ausgewiesen; Jg. 7–9 offenbar überwiegend jahrgangsübergreifend unter „Jahrgangsstufe 09“ (387) gezählt – jg7 daher null; Schulverzeichnis › Schülerschaft › Jahrgangsstufen, Daten-Stand 06.10.2025",https://www.bildung.berlin.de/Schulverzeichnis/Schulportrait.aspx?IDSchulzweig=31256,kostenfrei,stark übernachgefragt (108 Plätze / 182 Erstwünsche 2026/27),https://www.iss-mahlsdorf.de
14. Schule (Gemeinschaftsschule Mahlsdorf),10K14,Gemeinschaftsschule,staatlich,Mahlsdorf (Marzahn-Hellersdorf),Marzahn-Hellersdorf,"Landsberger Straße 178, 12623 Berlin",,im Aufbau,"im Aufbau (SV ja, Bezirk geplant)",im Aufbau,,"Lernhaus-Prinzip, Lerncoaching; kein jahrgangsübergreifendes Lernen",2026/27 unklar,104,107,,240,93,"2025/26 – Gemeinschaftsschule im Aufbau: Jg. 1, 7, 8; Gesamtzahl inkl. Jg. 1; Schulverzeichnis › Schülerschaft › Jahrgangsstufen, Daten-Stand 06.10.2025",https://www.bildung.berlin.de/Schulverzeichnis/Schulportrait.aspx?IDSchulzweig=31322,kostenfrei,eröffnet 2025; 2026/27: 104 Plätze / 107 Erstwünsche,https://www.bildung.berlin.de/Schulverzeichnis/Schulportrait.aspx?IDSchulzweig=31322
ISS Biesdorf,10K15,Integrierte Sekundarschule,staatlich,Biesdorf (Marzahn-Hellersdorf),Marzahn-Hellersdorf,"Garzauer Straße 30, 12683 Berlin",,MSA,geplant,im Aufbau,,"Lernbüros in den Kernfächern, Blockunterricht",unklar,162,82,,126,126,"2025/26 – Schule im Aufbau (nur Jg. 07); Schulverzeichnis › Schülerschaft › Jahrgangsstufen, Daten-Stand 06.10.2025",https://www.bildung.berlin.de/Schulverzeichnis/Schulportrait.aspx?IDSchulzweig=31336,kostenfrei,amtlich: „15. Schule (Integrierte Sekundarschule)“; neu seit 2025; unternachgefragt (162 / 82); Standort-Umzug 2026 geplant – Adresse prüfen,https://www.bildung.berlin.de/Schulverzeichnis/Schulportrait.aspx?IDSchulzweig=31336
Fritz-Karsen-Schule,08K06,Gemeinschaftsschule,staatlich,Britz (Neukölln),Neukölln,"Onkel-Bräsig-Straße 76, 12359 Berlin",,alle bis Abitur,ja,ja,,"älteste Gesamtschule Berlins, inklusiv; Aufnahme ohne Noten (Gespräch + Engagement)",unklar,125,123,,1249,127,"2025/26 – Gesamtzahl inkl. Grundstufe (JüL 1–3, 4–6); Schulverzeichnis › Schülerschaft › Jahrgangsstufen, Daten-Stand 06.10.2025",https://www.bildung.berlin.de/Schulverzeichnis/Schulportrait.aspx?IDSchulzweig=30052,kostenfrei,,https://www.fritz-karsen.de/abc-der-mittelstufe-a/
Emanuel-Lasker-Schule,02K06,Gemeinschaftsschule,staatlich,Friedrichshain,Friedrichshain-Kreuzberg,"Corinthstraße 5, 10245 Berlin",,alle bis Abitur,ja,ja,,Profilklassen ab 7; Insp. 2018: viel Frontalunterricht,unklar,104,119,,993,112,"2025/26 – Gesamtzahl inkl. Jg. 1, 2, 3, 4, 5, 6 (Grundstufe); Schulverzeichnis › Schülerschaft › Jahrgangsstufen, Daten-Stand 06.10.2025",https://www.bildung.berlin.de/Schulverzeichnis/Schulportrait.aspx?IDSchulzweig=30410,kostenfrei,,https://els-schule.de/mittelstufe/anmeldung-fuer-die-mittelstufe/
Schule am Tierpark,11K08,Integrierte Sekundarschule,staatlich,Friedrichsfelde (Lichtenberg),Lichtenberg,"Sewanstraße 223, 10319 Berlin","Dolgenseestraße 60, Haus B, 10319 Berlin",alle bis Abitur,ja (gemeinsam mit Kniese-Schule),ja,,"Logbücher, Bilanzgespräche, Werkstattwahl 7/8","09.01.2027, 10–13 Uhr",130,73,,724,158,"2025/26 – Schulverzeichnis › Schülerschaft › Jahrgangsstufen, Daten-Stand 06.10.2025",https://www.bildung.berlin.de/Schulverzeichnis/Schulportrait.aspx?IDSchulzweig=30820,kostenfrei,unternachgefragt (130 / 73),https://www.schule-am-tierpark.de
Röntgen-Schule,08K09,Integrierte Sekundarschule,staatlich,Alt-Treptow,Neukölln,"Wildenbruchstraße 53, 12435 Berlin",,alle bis Abitur,ja (Verbund mit Sophie-Brahe),ja,,Informationstechnik,unklar,100,100,,427,99,"2025/26 – Schulverzeichnis › Schülerschaft › Jahrgangsstufen, Daten-Stand 06.10.2025",https://www.bildung.berlin.de/Schulverzeichnis/Schulportrait.aspx?IDSchulzweig=31049,kostenfrei,,https://www.bildung.berlin.de/Schulverzeichnis/Schulportrait.aspx?IDSchulzweig=31049
Hans-und-Hilde-Coppi-Gymnasium,11Y05,Gymnasium,staatlich,Karlshorst (Lichtenberg),Lichtenberg,"Römerweg 30, 10318 Berlin",,Abitur,ja,ja,,"Musikzug, bilinguale Angebote","10.10.2026, 9–13 Uhr; Schnuppertag im Dezember",128,176,,756,128,"2025/26 – Schulverzeichnis › Schülerschaft › Jahrgangsstufen, Daten-Stand 06.10.2025",https://www.bildung.berlin.de/Schulverzeichnis/Schulportrait.aspx?IDSchulzweig=30640,kostenfrei,stark übernachgefragt (128 / 176),https://www.coppi-gym.de/wp
Immanuel-Kant-Gymnasium,11Y11,Gymnasium,staatlich,Rummelsburg (Lichtenberg),Lichtenberg,"Lückstraße 63, 10317 Berlin",,Abitur,ja,ja,,MINT,"10.10.2026, 9–13 Uhr",128,158,,930,192,"2025/26 – Gesamtzahl inkl. Jg. 5, 6; Schulverzeichnis › Schülerschaft › Jahrgangsstufen, Daten-Stand 06.10.2025",https://www.bildung.berlin.de/Schulverzeichnis/Schulportrait.aspx?IDSchulzweig=30636,kostenfrei,übernachgefragt (128 / 158),https://www.kant-gymnasium.de
Walter-Gropius-Schule,08K01,Gemeinschaftsschule,staatlich,Gropiusstadt (Neukölln),Neukölln,"Fritz-Erler-Allee 86, 12351 Berlin",,alle bis Abitur,ja,ja,,"gebundener Ganztag, bilingual",20.02.2027,104,69,Plätze inkl. interner Übergänger,1068,101,"2025/26 – Gesamtzahl inkl. Jg. 1, 2, 3, 4, 5, 6 (Grundstufe); Schulverzeichnis › Schülerschaft › Jahrgangsstufen, Daten-Stand 06.10.2025",https://www.bildung.berlin.de/Schulverzeichnis/Schulportrait.aspx?IDSchulzweig=30053,kostenfrei,,https://walter-gropius-schule-berlin.de/schulanmeldung-ms/
BEST-Sabel Gymnasium/ISS Köpenick,09P09,Gymnasium + ISS (Ersatzschule),BEST-Sabel Bildungseinrichtungen gGmbH (staatlich anerkannt),Köpenick,Treptow-Köpenick,"Lindenstraße 1, 12555 Berlin","Lindenstraße 42, 12555 Berlin (Oberstufe)","MSA, Abitur",ja (Lindenstraße 42),ja,gebunden 8–16 Uhr,"Sprachen, Wirtschaft; max. 22 pro Klasse; kaum Montessori-Nähe",Infoabende 13.10. + 15.12.2026; TdoT 07.11.2026,,,,443,76,"2025/26 – Schulverzeichnis › Schülerschaft › Jahrgangsstufen, Daten-Stand 06.10.2025",https://www.bildung.berlin.de/Schulverzeichnis/Schulportrait.aspx?IDSchulzweig=30075,5.814 €/Jahr + 200 € Verwaltung; Ermäßigung nur < 45.000 € brutto; Geschwister 25–75 %,"Anmeldung verbindlich, KEIN Rücktrittsrecht",https://best-sabel.de/schule/gymnasium-iss-koepenick/
Freie Waldorfschule Berlin-Südost,09P01,"Waldorfschule (Ersatzschule, 1–13)",Waldorfpädagogik in Berlin-Südost e.V. (staatlich anerkannt),Niederschöneweide,Treptow-Köpenick,"Bruno-Bürgel-Weg 9, 12439 Berlin",,"MSA, Abitur",ja,ja,,"Klassenlehrer bis Kl. 9, kein Sitzenbleiben, Projektarbeit",Infoabende 07.10. + 25.11.2026; TdoT 13.03.2027,,,,,, – Schulverzeichnis: „Für Ihre aktuelle Anfrage sind keine Daten verfügbar.“,https://www.bildung.berlin.de/Schulverzeichnis/Schulportrait.aspx?IDSchulzweig=30127,einkommensabhängig 60–550 €/Monat; Geschwister 50 %,Quereinstieg nur bei freiem Platz,https://waldorfsuedost.de/de/schule
Freie Interkulturelle Waldorfschule Berlin,09P18,Waldorfschule (Ersatzschule),privat (Träger nicht geprüft),Niederschöneweide,Treptow-Köpenick,"Schnellerstraße 1, 12439 Berlin","Naumburger Straße 4, 12057 Berlin (Filiale)",,ja (lt. Schulverzeichnis),ja,,"Lernen ohne Notendruck, schriftliche Beurteilungen",,,,,282,,"2025/26 – Gesamtzahl inkl. Klassen 1–6 und 11–12; keine Jg. 07 in der Statistik ausgewiesen; Schulverzeichnis › Schülerschaft › Jahrgangsstufen, Daten-Stand 06.10.2025",https://www.bildung.berlin.de/Schulverzeichnis/Schulportrait.aspx?IDSchulzweig=31207,"Selbsteinschätzung, Ø ca. 120 €/Monat","RISIKO: Kl. 8–12 müssen bis Ende 2026 ausziehen, Neubau geplant",https://berlin.interkulturellewaldorfschule.org/quereinstieg.html
Evangelische Schule Köpenick,09P07,"Gymnasium (Ersatzschule, ab Kl. 5)",Evangelische Schulstiftung in der EKBO (staatlich anerkannt),Wendenschloss (Köpenick),Treptow-Köpenick,"Grüne Trift 169, 12557 Berlin",,Abitur,ja,ja,,musisch-künstlerisch,"09.10.2026, 15–18 Uhr",,,,614,88,"2025/26 – Gesamtzahl inkl. Jg. 5, 6; Schulverzeichnis › Schülerschaft › Jahrgangsstufen, Daten-Stand 06.10.2025",https://www.bildung.berlin.de/Schulverzeichnis/Schulportrait.aspx?IDSchulzweig=30713,"2,4 % des Einkommens, 30–350 €/Monat",Pflicht-Aufnahmetest 13./19.01.2027; verlangt Zeugnisse ab Kl. 3 (bei notenfreien Schulen vorher klären),https://www.ev-schule-koepenick.de/anmeldung/
Evangelische Schule Berlin Zentrum (ESBZ),01P23,Gemeinschaftsschule (Ersatzschule),Evangelische Schulstiftung in der EKBO (staatlich anerkannt),Mitte,Mitte,"Wallstraße 32, 10179 Berlin",,alle bis Abitur,ja,ja,,"Lernbüro, keine Ziffernnoten, Jahrgangsmischung, Projekt „Herausforderung“",07.12.2026,,,,730,,"2025/26 – Keine Jg. 07 ausgewiesen; Jg. 7–9 offenbar jahrgangsübergreifend unter „Jahrgangsstufe 09“ (224) gezählt; Schulverzeichnis › Schülerschaft › Jahrgangsstufen, Daten-Stand 06.10.2025",https://www.bildung.berlin.de/Schulverzeichnis/Schulportrait.aspx?IDSchulzweig=30311,"4,3 % vom Brutto (ca. 60–627 €/Monat) + Nebenkosten",Antrag bis 18.12.2026; stark übernachgefragt,https://www.ev-schule-zentrum.de/schulstufen/mittelstufe/tagesrhythmus-lernformate
Katholische Schule St. Marien,08P04,Gymnasium + ISS (Ersatzschule),Erzbistum Berlin,Neukölln,Neukölln,"Donaustraße 58, 12043 Berlin",,alle bis Abitur,ja,ja,,"ISS-Fach „Offenes Lernen“, MINT-Klasse","10.10.2026, 10–14 Uhr",,,,,, – Schulverzeichnis: „Für Ihre aktuelle Anfrage sind keine Daten verfügbar.“,https://www.bildung.berlin.de/Schulverzeichnis/Schulportrait.aspx?IDSchulzweig=30108,"3,4 % des zu versteuernden Einkommens, mind. 20 €/Monat",,https://marienschule-berlin.de/service/anmeldung
Evangelische Schule Neukölln,08P03,Integrierte Sekundarschule (Ersatzschule),Evangelische Schulstiftung in der EKBO,Neukölln,Neukölln,"Mainzer Straße 47, 12053 Berlin",,alle bis Abitur,ja,ja,,,,,,,,, – Schulverzeichnis: „Für Ihre aktuelle Anfrage sind keine Daten verfügbar.“; Presse (Berliner Zeitung) nennt „rund 890“ SuS für Kl. 1–13 – nicht übernommen (nicht offiziell/gerundet),https://www.bildung.berlin.de/Schulverzeichnis/Schulportrait.aspx?IDSchulzweig=30106,"2,4 % vom Brutto, 30–350 €/Monat",Anmeldeschluss 20.01.2027,https://evangelische-schule-neukoelln.de/sek-i/
Netzwerk-Schule,02P13,Freie Alternativschule (nur genehmigt),Netzwerk Spiel/Kultur Prenzlauer Berg e.V.,Friedrichshain,Friedrichshain-Kreuzberg,"Marchlewskistraße 40, 10243 Berlin",,nur externe Prüfung,nein,nein,,"demokratisch, keine Noten, altersgemischt",,,,,106,,"2025/26 – Gesamtzahl inkl. Grundstufe (JüL 4–6); keine Jg. 07 ausgewiesen (Sek I offenbar jahrgangsübergreifend unter Jg. 10 gezählt); Schulverzeichnis › Schülerschaft › Jahrgangsstufen, Daten-Stand 06.10.2025",https://www.bildung.berlin.de/Schulverzeichnis/Schulportrait.aspx?IDSchulzweig=30975,110–200 €/Monat,"nur genehmigt, nicht anerkannt",https://schule.netzwerkspielkultur.de/die-schule/konzept
MeineSchuleBerlin,08P09,Freie Alternativschule,Meine Schule Berlin e.V.,Neukölln,Neukölln,"Delbrückstraße 18, 12051 Berlin",,,unklar,unklar,,"altersgemischt, selbstbestimmt, Bezug auf Montessori/Freinet; sehr klein",,,,,42,10,"2025/26 – Gesamtzahl inkl. Jg. 2, 4, 5 (Grundstufe); Schule im Aufbau (nur Jg. 02, 04, 05, 07, 09); Schulverzeichnis › Schülerschaft › Jahrgangsstufen, Daten-Stand 06.10.2025",https://www.bildung.berlin.de/Schulverzeichnis/Schulportrait.aspx?IDSchulzweig=30744,100–650 €/Monat einkommensabhängig,keine offenen Sek-I-Plätze ausgeschrieben,https://www.meineschuleberlin.org/die-schule/
Freie Schule Berlin-Mahlsdorf,10P12,"Freie Schule, anthroposophisch (1–11)",Forum Pädagogik am Elsengrund gGmbH,Mahlsdorf,Marzahn-Hellersdorf,"Elsenstraße 13a, 12623 Berlin",,"BBR, MSA (Kl. 11)",nein,nein,,Noten erst ab Kl. 9,,,,,175,19,"2025/26 – Gesamtzahl inkl. Jg. 1, 2, 3, 4, 5, 6 (Grundstufe); Schulverzeichnis › Schülerschaft › Jahrgangsstufen, Daten-Stand 06.10.2025",https://www.bildung.berlin.de/Schulverzeichnis/Schulportrait.aspx?IDSchulzweig=29940,"4 % vom Brutto, 100–500 €/Monat",,https://www.freie-schule-mahlsdorf.de/schule
Internationale Lomonossow-Schule Marzahn,10P10,"Gemeinschaftsschule (Ersatzschule), deutsch-russisch",MITRA Lomonossow-Schulen gGmbH,Biesdorf,Marzahn-Hellersdorf,"Brebacher Weg 15, 12683 Berlin",,BBR bis Abitur,ja (nur genehmigt),ja,,,,,,,530,45,"2025/26 – Gesamtzahl inkl. Jg. 1, 2, 3, 4, 5, 6 (Grundstufe); Schulverzeichnis › Schülerschaft › Jahrgangsstufen, Daten-Stand 06.10.2025",https://www.bildung.berlin.de/Schulverzeichnis/Schulportrait.aspx?IDSchulzweig=30715,unklar,,https://lomonossow-schule.de/elterninformation/
Montessori Oberschule Strausberg,,"Montessori-Oberschule (genehmigte Ersatzschule, Kl. 7–10)","Montessori Stiftung Berlin (Brandenburg, nur genehmigt)",Strausberg (Brandenburg),Brandenburg,"Hennickendorfer Chaussee 2, 15344 Strausberg",,"BBR, FOR (derzeit als Nichtschülerprüfung), Montessori-Abschluss",nein,nein,,"Erdkinderplan: „Work & Study“, Schülergenossenschaft (Hof, Gästehaus), Große Praktische Arbeit in Kl. 10; 2-ha-Gelände; gehört zum Montessori Campus Berlin Köpenick (ehem. „Jugendschule Strausberg“)",keine Infoabende veröffentlicht; Weihnachtsmarkt 11.12.2026 ab 15 Uhr,,,,48,12,"2025/26 – Schulporträt Brandenburg (amtlich), genehmigte Ersatzschule; Jg. 7–10",https://schulen.brandenburg.de/schule/180427,Schulgeld unklar (nicht online),Bewerbung bis 20.12.2026 (Website nennt dabei „Schuljahr 2026/2027“ – klären); in Brandenburg: Aufnahme Berliner Kinder und Abschlussprüfung extern klären; eröffnet 2025/26,https://montessori-strausberg.de/kennenlernen
Gesamtschule mit gymnasialer Oberstufe Königs Wusterhausen,,"Gesamtschule mit gymnasialer Oberstufe (Ersatzschule, Brandenburg)","FAWZ gGmbH (Fürstenwalder Aus- und Weiterbildungszentrum), Teil von AcadeMedia","Niederlehme, Königs Wusterhausen (Brandenburg)",Brandenburg,"Schulstraße 3, 15713 Königs Wusterhausen",,erweiterte Berufsbildungsreife bis Abitur,ja (Kl. 7–13),ja,ja (Ganztagsschule),"naturwissenschaftliches Profil; max. 24 pro Klasse; Laptop-Klassen; „individuelle Lernzeit“ im Ganztag; aber Leistungskurse (Grund-/Erweiterungskurs) ab Kl. 7 – eher klassisch, keine Belege für Lernbüro/Notenfreiheit","10.10. (Jahr nicht angegeben, vermutlich 2026), 10 Uhr",,,,328,72,2026/27 – Schulporträt Brandenburg (amtlich); Jg. 7–13 inkl. Oberstufe,https://schulen.brandenburg.de/schule/113499,"Schulgeld unklar (Tabelle nur auf Anfrage beim Sekretariat), Ermäßigung möglich","Anmeldung = unverbindliche Interessenbekundung, keine Bildungsgangempfehlung nötig; Status (anerkannt?) und Aufnahme Berliner Kinder nicht angegeben – erfragen: sekretariat.gsk@v.fawz.de",https://www.gesamtschule-kw.de/unser-profil/
Georg-Klingenberg-Schule,10K06,Integrierte Sekundarschule,staatlich,Biesdorf,Marzahn-Hellersdorf,"Alberichstraße 24, 12683 Berlin",,,nein (lt. Schulverzeichnis),nein,,,,130,38,,583,132,"2025/26 – Schulverzeichnis › Schülerschaft › Jahrgangsstufen, Daten-Stand 06.10.2025",https://www.bildung.berlin.de/Schulverzeichnis/Schulportrait.aspx?IDSchulzweig=30884,kostenfrei,,https://www.bildung.berlin.de/Schulverzeichnis/Schulportrait.aspx?IDSchulzweig=30884
Flatow-Oberschule,09A07,Integrierte Sekundarschule (Sportschule),staatlich,Köpenick,Treptow-Köpenick,"Birkenstraße 11, 12559 Berlin",,,ja (lt. Schulverzeichnis),ja,,,,,,,285,64,"2025/26 – Schulverzeichnis › Schülerschaft › Jahrgangsstufen, Daten-Stand 06.10.2025",https://www.bildung.berlin.de/Schulverzeichnis/Schulportrait.aspx?IDSchulzweig=30572,kostenfrei,Schul- und Leistungssportzentrum: Aufnahme nur mit Nachweis sportlicher Eignung,https://www.bildung.berlin.de/Schulverzeichnis/Schulportrait.aspx?IDSchulzweig=30572
Otto-Nagel-Gymnasium,10Y02,Gymnasium,staatlich,Biesdorf,Marzahn-Hellersdorf,"Schulstraße 11, 12683 Berlin",,,ja (lt. Schulverzeichnis),ja,,,,160,103,,955,127,"2025/26 – Gesamtzahl inkl. Jg. 5, 6; Schulverzeichnis › Schülerschaft › Jahrgangsstufen, Daten-Stand 06.10.2025",https://www.bildung.berlin.de/Schulverzeichnis/Schulportrait.aspx?IDSchulzweig=30800,kostenfrei,laut Recherche nur eine Regelklasse 7 (sonst Profil-/grundständige Klassen) – prüfen,https://www.bildung.berlin.de/Schulverzeichnis/Schulportrait.aspx?IDSchulzweig=30800
Clay-Schule,08K05,Integrierte Sekundarschule,staatlich,Rudow,Neukölln,"Neudecker Weg 22, 12355 Berlin",,,ja (lt. Schulverzeichnis),ja,,,,208,380,,1079,225,"2025/26 – Schulverzeichnis › Schülerschaft › Jahrgangsstufen, Daten-Stand 06.10.2025",https://www.bildung.berlin.de/Schulverzeichnis/Schulportrait.aspx?IDSchulzweig=30056,kostenfrei,,https://www.bildung.berlin.de/Schulverzeichnis/Schulportrait.aspx?IDSchulzweig=30056
Alexander-Puschkin-Schule,11K01,Integrierte Sekundarschule,staatlich,Friedrichsfelde,Lichtenberg,"Massower Straße 37, 10315 Berlin",,,nein (lt. Schulverzeichnis),nein,,,,104,150,,450,105,"2025/26 – Schulverzeichnis › Schülerschaft › Jahrgangsstufen, Daten-Stand 06.10.2025",https://www.bildung.berlin.de/Schulverzeichnis/Schulportrait.aspx?IDSchulzweig=30811,kostenfrei,,https://www.bildung.berlin.de/Schulverzeichnis/Schulportrait.aspx?IDSchulzweig=30811
12. Schule (Gymnasium) Marzahn-Hellersdorf,10Y12,Gymnasium,staatlich,Hellersdorf,Marzahn-Hellersdorf,"Erich-Kästner-Straße 52, 12619 Berlin",,,im Aufbau (lt. Schulverzeichnis angehakt),im Aufbau,,,,94,102,,276,160,"2025/26 – Schule im Aufbau (nur Jg. 07, 08); Schulverzeichnis › Schülerschaft › Jahrgangsstufen, Daten-Stand 06.10.2025",https://www.bildung.berlin.de/Schulverzeichnis/Schulportrait.aspx?IDSchulzweig=31323,kostenfrei,"neu gegründet, noch ohne Namen; Oberstufe im Schulverzeichnis angehakt, besteht aber vermutlich erst in einigen Jahren",https://www.bildung.berlin.de/Schulverzeichnis/Schulportrait.aspx?IDSchulzweig=31323
Hannah-Arendt-Gymnasium,08Y06,Gymnasium,staatlich,Rudow,Neukölln,"Elfriede-Kuhr-Straße 17, 12355 Berlin",,,ja (lt. Schulverzeichnis),ja,,,,128,173,,798,127,"2025/26 – Schulverzeichnis › Schülerschaft › Jahrgangsstufen, Daten-Stand 06.10.2025",https://www.bildung.berlin.de/Schulverzeichnis/Schulportrait.aspx?IDSchulzweig=30236,kostenfrei,,https://www.bildung.berlin.de/Schulverzeichnis/Schulportrait.aspx?IDSchulzweig=30236
Wilhelm-von-Siemens-Gymnasium,10Y03,Gymnasium,staatlich,Biesdorf,Marzahn-Hellersdorf,"Allee der Kosmonauten 134, 12683 Berlin",,,ja (lt. Schulverzeichnis),ja,,,,32,48,,878,160,"2025/26 – Schulverzeichnis › Schülerschaft › Jahrgangsstufen, Daten-Stand 06.10.2025",https://www.bildung.berlin.de/Schulverzeichnis/Schulportrait.aspx?IDSchulzweig=30991,kostenfrei,,https://www.bildung.berlin.de/Schulverzeichnis/Schulportrait.aspx?IDSchulzweig=30991
Caspar-David-Friedrich-Schule,10K07,Integrierte Sekundarschule,staatlich,Hellersdorf,Marzahn-Hellersdorf,"Alte Hellersdorfer Straße 7, 12629 Berlin",,,nein (lt. Schulverzeichnis),nein,,,,156,166,,539,130,"2025/26 – Schulverzeichnis › Schülerschaft › Jahrgangsstufen, Daten-Stand 06.10.2025",https://www.bildung.berlin.de/Schulverzeichnis/Schulportrait.aspx?IDSchulzweig=30742,kostenfrei,,https://www.bildung.berlin.de/Schulverzeichnis/Schulportrait.aspx?IDSchulzweig=30742
12. Schule (Gymnasium) Lichtenberg,11Y12,Gymnasium,staatlich,Friedrichsfelde,Lichtenberg,"Allee der Kosmonauten 20, 10315 Berlin",,,im Aufbau (lt. Schulverzeichnis angehakt),im Aufbau,,,,160,90,,289,158,"2025/26 – Schule im Aufbau (nur Jg. 07, 08); Schulverzeichnis › Schülerschaft › Jahrgangsstufen, Daten-Stand 06.10.2025",https://www.bildung.berlin.de/Schulverzeichnis/Schulportrait.aspx?IDSchulzweig=31319,kostenfrei,"neu gegründet, noch ohne Namen; Oberstufe im Schulverzeichnis angehakt, besteht aber vermutlich erst in einigen Jahren",https://www.bildung.berlin.de/Schulverzeichnis/Schulportrait.aspx?IDSchulzweig=31319
Kosmos-Schule (ISS),11K15,Integrierte Sekundarschule,staatlich,Friedrichsfelde,Lichtenberg,"Allee der Kosmonauten 22, 10315 Berlin",,,nein (lt. Schulverzeichnis),nein,,,,156,228,,432,156,"2025/26 – Schulverzeichnis › Schülerschaft › Jahrgangsstufen, Daten-Stand 06.10.2025",https://www.bildung.berlin.de/Schulverzeichnis/Schulportrait.aspx?IDSchulzweig=31318,kostenfrei,in der Senatsstatistik als „15. Schule“ geführt,https://www.bildung.berlin.de/Schulverzeichnis/Schulportrait.aspx?IDSchulzweig=31318
Gemeinschaftsschule Campus Efeuweg,08K13,Gemeinschaftsschule,staatlich,Gropiusstadt,Neukölln,"Efeuweg 34, 12357 Berlin",,,nein (lt. Schulverzeichnis),nein,,,,104,55,,838,107,"2025/26 – Gesamtzahl inkl. Jg. 1, 2, 3, 4, 5, 6 (Grundstufe); Schulverzeichnis › Schülerschaft › Jahrgangsstufen, Daten-Stand 06.10.2025",https://www.bildung.berlin.de/Schulverzeichnis/Schulportrait.aspx?IDSchulzweig=31187,kostenfrei,,https://www.bildung.berlin.de/Schulverzeichnis/Schulportrait.aspx?IDSchulzweig=31187
Wolfgang-Amadeus-Mozart-Schule,10K10,Gemeinschaftsschule,staatlich,Hellersdorf,Marzahn-Hellersdorf,"Cottbusser Straße 23, 12627 Berlin",,,nein (lt. Schulverzeichnis),nein,,,,104,47,,1201,104,"2025/26 – Gesamtzahl inkl. Jg. 1, 2, 3, 4, 5, 6 (Grundstufe); Schulverzeichnis › Schülerschaft › Jahrgangsstufen, Daten-Stand 06.10.2025",https://www.bildung.berlin.de/Schulverzeichnis/Schulportrait.aspx?IDSchulzweig=30926,kostenfrei,,https://www.bildung.berlin.de/Schulverzeichnis/Schulportrait.aspx?IDSchulzweig=30926
Kepler-Schule,08K12,Integrierte Sekundarschule,staatlich,Rudow,Neukölln,"Bildhauerweg 9, 12355 Berlin",,,nein (lt. Schulverzeichnis),nein,,,,182,21,,394,84,"2025/26 – Schulverzeichnis › Schülerschaft › Jahrgangsstufen, Daten-Stand 06.10.2025",https://www.bildung.berlin.de/Schulverzeichnis/Schulportrait.aspx?IDSchulzweig=31044,kostenfrei,,https://www.bildung.berlin.de/Schulverzeichnis/Schulportrait.aspx?IDSchulzweig=31044
Hermann-von-Helmholtz-Schule,08K02,Integrierte Sekundarschule,staatlich,Gropiusstadt,Neukölln,"Wutzkyallee 68, 12353 Berlin",,,nein (lt. Schulverzeichnis),nein,,,,104,55,,889,131,"2025/26 – Gesamtzahl inkl. Jg. 1, 2, 3, 4, 5, 6 (Grundstufe); Schulverzeichnis › Schülerschaft › Jahrgangsstufen, Daten-Stand 06.10.2025",https://www.bildung.berlin.de/Schulverzeichnis/Schulportrait.aspx?IDSchulzweig=30054,kostenfrei,,https://www.bildung.berlin.de/Schulverzeichnis/Schulportrait.aspx?IDSchulzweig=30054
Ernst-Haeckel-Schule,10K02,Integrierte Sekundarschule,staatlich,Hellersdorf,Marzahn-Hellersdorf,"Luckenwalder Straße 53, 12629 Berlin",,,ja (lt. Schulverzeichnis),ja,,,,189,321,,992,210,"2025/26 – Schulverzeichnis › Schülerschaft › Jahrgangsstufen, Daten-Stand 06.10.2025",https://www.bildung.berlin.de/Schulverzeichnis/Schulportrait.aspx?IDSchulzweig=30847,kostenfrei,,https://www.bildung.berlin.de/Schulverzeichnis/Schulportrait.aspx?IDSchulzweig=30847
Konrad-Wachsmann-Schule,10K09,Integrierte Sekundarschule,staatlich,Hellersdorf,Marzahn-Hellersdorf,"Geithainer Straße 12, 12627 Berlin",,,nein (lt. Schulverzeichnis),nein,,,,135,91,,551,132,"2025/26 – Schulverzeichnis › Schülerschaft › Jahrgangsstufen, Daten-Stand 06.10.2025",https://www.bildung.berlin.de/Schulverzeichnis/Schulportrait.aspx?IDSchulzweig=30739,kostenfrei,,https://www.bildung.berlin.de/Schulverzeichnis/Schulportrait.aspx?IDSchulzweig=30739
Sartre-Gymnasium,10Y08,Gymnasium,staatlich,Hellersdorf,Marzahn-Hellersdorf,"Kyritzer Straße 103, 12629 Berlin",,,ja (lt. Schulverzeichnis),ja,,,,160,197,,873,149,"2025/26 – Schulverzeichnis › Schülerschaft › Jahrgangsstufen, Daten-Stand 06.10.2025",https://www.bildung.berlin.de/Schulverzeichnis/Schulportrait.aspx?IDSchulzweig=30846,kostenfrei,,https://www.bildung.berlin.de/Schulverzeichnis/Schulportrait.aspx?IDSchulzweig=30846
Mildred-Harnack-Schule,11K02,Integrierte Sekundarschule,staatlich,Rummelsburg,Lichtenberg,"Schulze-Boysen-Straße 12, 10365 Berlin",,,ja (lt. Schulverzeichnis),ja,,,,156,199,,855,124,"2025/26 – Schulverzeichnis › Schülerschaft › Jahrgangsstufen, Daten-Stand 06.10.2025",https://www.bildung.berlin.de/Schulverzeichnis/Schulportrait.aspx?IDSchulzweig=30812,kostenfrei,Europaschule – laut Recherche wird Spanisch vorausgesetzt,https://www.bildung.berlin.de/Schulverzeichnis/Schulportrait.aspx?IDSchulzweig=30812
Melanchthon-Gymnasium,10Y11,Gymnasium,staatlich,Hellersdorf,Marzahn-Hellersdorf,"Adele-Sandrock-Straße 73, 12627 Berlin",,,ja (lt. Schulverzeichnis),ja,,,,192,123,,1091,152,"2025/26 – Gesamtzahl inkl. Jg. 5, 6; Schulverzeichnis › Schülerschaft › Jahrgangsstufen, Daten-Stand 06.10.2025",https://www.bildung.berlin.de/Schulverzeichnis/Schulportrait.aspx?IDSchulzweig=30562,kostenfrei,,https://www.bildung.berlin.de/Schulverzeichnis/Schulportrait.aspx?IDSchulzweig=30562
Jean-Piaget-Schule,10K05,Integrierte Sekundarschule,staatlich,Hellersdorf,Marzahn-Hellersdorf,"Mittenwalder Straße 5, 12629 Berlin",,,nein (lt. Schulverzeichnis),nein,,,,130,104,,534,139,"2025/26 – Schulverzeichnis › Schülerschaft › Jahrgangsstufen, Daten-Stand 06.10.2025",https://www.bildung.berlin.de/Schulverzeichnis/Schulportrait.aspx?IDSchulzweig=30874,kostenfrei,,https://www.bildung.berlin.de/Schulverzeichnis/Schulportrait.aspx?IDSchulzweig=30874
Tagore-Gymnasium,10Y01,Gymnasium,staatlich,Marzahn,Marzahn-Hellersdorf,"Sella-Hasse-Straße 25, 12687 Berlin",,,ja (lt. Schulverzeichnis),ja,,,,160,116,,850,155,"2025/26 – Schulverzeichnis › Schülerschaft › Jahrgangsstufen, Daten-Stand 06.10.2025",https://www.bildung.berlin.de/Schulverzeichnis/Schulportrait.aspx?IDSchulzweig=30799,kostenfrei,Neubau geplant – Standort 2027/28 prüfen,https://www.bildung.berlin.de/Schulverzeichnis/Schulportrait.aspx?IDSchulzweig=30799
Schule am Rathaus,11K06,Integrierte Sekundarschule,staatlich,Lichtenberg,Lichtenberg,"Rathausstraße 8, 10367 Berlin",,,nein (lt. Schulverzeichnis),nein,,,,96,102,,392,108,"2025/26 – Schulverzeichnis › Schülerschaft › Jahrgangsstufen, Daten-Stand 06.10.2025",https://www.bildung.berlin.de/Schulverzeichnis/Schulportrait.aspx?IDSchulzweig=30818,kostenfrei,"Grenznote 2026/27: 2,7 (Bezirk Lichtenberg)",https://www.bildung.berlin.de/Schulverzeichnis/Schulportrait.aspx?IDSchulzweig=30818
Otto-Hahn-Schule,08K03,Integrierte Sekundarschule,staatlich,Britz,Neukölln,"Buschkrugallee 63, 12359 Berlin",,,ja (lt. Schulverzeichnis),ja,,,,130,160,,805,128,"2025/26 – Schulverzeichnis › Schülerschaft › Jahrgangsstufen, Daten-Stand 06.10.2025",https://www.bildung.berlin.de/Schulverzeichnis/Schulportrait.aspx?IDSchulzweig=30055,kostenfrei,,https://www.bildung.berlin.de/Schulverzeichnis/Schulportrait.aspx?IDSchulzweig=30055
